id;content;password;link;expiration_date;user_id
1;productivity Rial;Account orange auxil;http://localhost:9000/public/note/1;2021-07-28T23:58:35;1
2;magnetic;maroon;http://localhost:9000/public/note/2;2021-07-29T14:01:01;1
3;Architect Virginia Haven;holistic Intuitive;http://localhost:9000/public/note/3;2021-07-28T20:46:50;1
4;Investment Avon Forges;hacking;http://localhost:9000/public/note/4;2021-07-29T15:03:32;1
5;Drives Dollar;Franc Loaf Circles;http://localhost:9000/public/note/5;2021-07-28T21:42:51;1
6;Small;Rubber;http://localhost:9000/public/note/6;2021-07-29T08:23:47;1
7;Croatia human-resource;Marketing Paraguay w;http://localhost:9000/public/note/7;2021-07-29T08:04:03;1
8;Dollar;Automotive;http://localhost:9000/public/note/8;2021-07-28T22:46:30;1
9;Utah Rustic;driver Architect;http://localhost:9000/public/note/9;2021-07-29T18:18:32;1
10;digital Latvian systems;SMSXX;http://localhost:9000/public/note/10;2021-07-28T20:29:34;1
